total_cost,total_cost_ic,abs_diff,rel_diff_pct
360118,360118,0,0.0
623467,623467,0,0.0
358039,358039,0,0.0
351488,351488,0,0.0
496207,496207,0,0.0
567139,567139,0,0.0
1,1,0,0.0
609749,609749,0,0.0
201250,201250,0,0.0
489858,489858,0,0.0
343819,343819,0,0.0
544453,544453,0,0.0
351488,351488,0,0.0
430763,430763,0,0.0
240813,240813,0,0.0
231750,231750,0,0.0
579208,579208,0,0.0
490384,490384,0,0.0
351090,351090,0,0.0
237000,237000,0,0.0
295924,295924,0,0.0
226406,226406,0,0.0
572735,572735,0,0.0
436239,436239,0,0.0
486930,486930,0,0.0
193125,193125,0,0.0
243750,243750,0,0.0
347824,347824,0,0.0
197500,197500,0,0.0
187031,187031,0,0.0
1119539,1119539,0,0.0
486930,486930,0,0.0
460961,460961,0,0.0
351577,351577,0,0.0
476097,476097,0,0.0
1380461,1380461,0,0.0
945393,945393,0,0.0
159829,159829,0,0.0
203020,203020,0,0.0
364754,364754,0,0.0
198150,198150,0,0.0
470531,470531,0,0.0
467666,467666,0,0.0
495643,495643,0,0.0
340875,340875,0,0.0
447680,447680,0,0.0
943895,943895,0,0.0
64444,64444,0,0.0
225220,225220,0,0.0
225000,225000,0,0.0
448184,448184,0,0.0
286946,286946,0,0.0
473841,473841,0,0.0
350472,350472,0,0.0
478506,478506,0,0.0
441739,441739,0,0.0
498525,498525,0,0.0
35855,35855,0,0.0
378660,378660,0,0.0
348047,348047,0,0.0
400000,400000,0,0.0
484330,484330,0,0.0
465597,465597,0,0.0
389355,389355,0,0.0
350472,350472,0,0.0
523095,523095,0,0.0
378660,378660,0,0.0
340875,340875,0,0.0
400000,400000,0,0.0
484330,484330,0,0.0
72928,72928,0,0.0
378660,378660,0,0.0
453856,453856,0,0.0
381690,381690,0,0.0
435877,435877,0,0.0
317630,317630,0,0.0
378750,378750,0,0.0
330892,330892,0,0.0
484330,484330,0,0.0
400000,400000,0,0.0
340875,340875,0,0.0
72766,72766,0,0.0
435877,435877,0,0.0
448500,448500,0,0.0
367638,367638,0,0.0
277846,277846,0,0.0
97895,97895,0,0.0
403819,403819,0,0.0
323363,323363,0,0.0
317630,317630,0,0.0
367638,367638,0,0.0
320433,320433,0,0.0
400000,400000,0,0.0
431003,431003,0,0.0
101983,101983,0,0.0
231517,231517,0,0.0
210540,210540,0,0.0
324303,324303,0,0.0
403970,403970,0,0.0
400000,400000,0,0.0
313756,313756,0,0.0
334818,334818,0,0.0
190248,190248,0,0.0
345572,345572,0,0.0
625909,625909,0,0.0
489390,489390,0,0.0
593860,593860,0,0.0
529515,529515,0,0.0
900003,900003,0,0.0
572055,572055,0,0.0
526360,526360,0,0.0
36814,36814,0,0.0
769789,769789,0,0.0
486042,486042,0,0.0
476918,476918,0,0.0
377135,377135,0,0.0
502294,502294,0,0.0
466204,466204,0,0.0
617904,617904,0,0.0
77282,77282,0,0.0
503345,503345,0,0.0
369039,369039,0,0.0
551739,551739,0,0.0
446126,446126,0,0.0
579123,579123,0,0.0
192375,192375,0,0.0
55000,55000,0,0.0
491434,491434,0,0.0
324992,324992,0,0.0
392480,392480,0,0.0
577077,577077,0,0.0
717218,717218,0,0.0
740149,740149,0,0.0
79922,79922,0,0.0
900003,900003,0,0.0
502940,502940,0,0.0
300000,300000,0,0.0
216125,216125,0,0.0
581274,581274,0,0.0
1130527,1130527,0,0.0
482120,482120,0,0.0
354556,354556,0,0.0
693407,693407,0,0.0
526041,526041,0,0.0
476801,476801,0,0.0
377555,377555,0,0.0
793531,793531,0,0.0
71425,71425,0,0.0
837265,837265,0,0.0
587009,587009,0,0.0
520751,520751,0,0.0
519746,519746,0,0.0
551739,551739,0,0.0
115412,115412,0,0.0
369039,369039,0,0.0
131520,131520,0,0.0
376310,376310,0,0.0
243325,243325,0,0.0
566662,566662,0,0.0
79922,79922,0,0.0
715226,715226,0,0.0
425213,425213,0,0.0
874179,874179,0,0.0
702873,702873,0,0.0
59714,59714,0,0.0
181318,181318,0,0.0
723383,723383,0,0.0
361317,361317,0,0.0
521070,521070,0,0.0
256185,256185,0,0.0
10297,10297,0,0.0
259350,259350,0,0.0
369050,369050,0,0.0
369329,369329,0,0.0
507395,507395,0,0.0
442000,442000,0,0.0
299650,299650,0,0.0
712213,712213,0,0.0
147440,147440,0,0.0
560110,560110,0,0.0
360258,360258,0,0.0
71425,71425,0,0.0
377967,377967,0,0.0
561278,561278,0,0.0
202620,202620,0,0.0
7355,7355,0,0.0
66516,66516,0,0.0
200621,200621,0,0.0
637881,637881,0,0.0
257400,257400,0,0.0
396347,396347,0,0.0
181698,181698,0,0.0
595575,595575,0,0.0
380452,380452,0,0.0
470327,470327,0,0.0
1,1,0,0.0
734218,734218,0,0.0
588831,588831,0,0.0
455833,455833,0,0.0
461014,461014,0,0.0
583736,583736,0,0.0
393246,393246,0,0.0
694612,694612,0,0.0
300000,300000,0,0.0
497306,497306,0,0.0
722586,722586,0,0.0
147636,147636,0,0.0
442000,442000,0,0.0
492615,492615,0,0.0
761409,761409,0,0.0
641573,641573,0,0.0
356674,356674,0,0.0
589620,589620,0,0.0
164099,164099,0,0.0
71425,71425,0,0.0
397109,397109,0,0.0
838771,838771,0,0.0
650424,650424,0,0.0
376648,376648,0,0.0
396347,396347,0,0.0
305500,305500,0,0.0
225936,225936,0,0.0
24999,24999,0,0.0
581591,581591,0,0.0
455833,455833,0,0.0
166721,166721,0,0.0
456465,456465,0,0.0
475802,475802,0,0.0
52250,52250,0,0.0
168300,168300,0,0.0
634838,634838,0,0.0
161080,161080,0,0.0
776999,776999,0,0.0
489939,489939,0,0.0
168970,168970,0,0.0
448634,448634,0,0.0
680198,680198,0,0.0
380452,380452,0,0.0
761409,761409,0,0.0
349486,349486,0,0.0
846301,846301,0,0.0
399456,399456,0,0.0
396347,396347,0,0.0
11905,11905,0,0.0
455833,455833,0,0.0
499899,499899,0,0.0
584346,584346,0,0.0
479467,479467,0,0.0
453800,453800,0,0.0
191391,191391,0,0.0
874862,874862,0,0.0
207592,207592,0,0.0
284456,284456,0,0.0
685339,685339,0,0.0
431738,431738,0,0.0
229222,229222,0,0.0
471557,471557,0,0.0
395415,395415,0,0.0
211957,211957,0,0.0
624845,624845,0,0.0
456667,456667,0,0.0
685339,685339,0,0.0
374411,374411,0,0.0
156987,156987,0,0.0
386149,386149,0,0.0
637967,637967,0,0.0
383828,383828,0,0.0
313866,313866,0,0.0
442500,442500,0,0.0
429555,429555,0,0.0
188190,188190,0,0.0
387733,387733,0,0.0
447117,447117,0,0.0
176735,176735,0,0.0
236173,236173,0,0.0
483556,483556,0,0.0
386261,386261,0,0.0
283286,283286,0,0.0
382038,382038,0,0.0
429555,429555,0,0.0
442500,442500,0,0.0
496555,496555,0,0.0
149575,149575,0,0.0
165527,165527,0,0.0
568446,568446,0,0.0
336173,336173,0,0.0
386370,66370,320000,141.3614878296594
30750,30750,0,0.0
567267,567267,0,0.0
381325,381325,0,0.0
374186,374186,0,0.0
442500,442500,0,0.0
429555,429555,0,0.0
373797,373797,0,0.0
225000,225000,0,0.0
217909,217909,0,0.0
553074,553074,0,0.0
634501,634501,0,0.0
331799,331799,0,0.0
553250,553250,0,0.0
374377,374377,0,0.0
225000,225000,0,0.0
325411,325411,0,0.0
442500,442500,0,0.0
429555,429555,0,0.0
380659,380659,0,0.0
193410,193410,0,0.0
422454,422454,0,0.0
228000,228000,0,0.0
374186,374186,0,0.0
218775,218775,0,0.0
488600,488600,0,0.0
553074,553074,0,0.0
331313,331313,0,0.0
179060,179060,0,0.0
442530,442530,0,0.0
345910,25910,320000,172.12629767091605
442083,442083,0,0.0
162540,162540,0,0.0
414003,414003,0,0.0
320096,320096,0,0.0
583074,583074,0,0.0
374186,374186,0,0.0
189781,189781,0,0.0
374337,374337,0,0.0
478139,478139,0,0.0
250445,250445,0,0.0
366520,366520,0,0.0
326939,326939,0,0.0
145943,145943,0,0.0
288720,288720,0,0.0
351871,351871,0,0.0
48042,48042,0,0.0
550847,550847,0,0.0
48042,48042,0,0.0
612051,612051,0,0.0
712043,712043,0,0.0
612502,612502,0,0.0
482816,482816,0,0.0
676443,676443,0,0.0
47393,47393,0,0.0
600252,600252,0,0.0
481838,481838,0,0.0
612502,612502,0,0.0
695566,695566,0,0.0
456098,456098,0,0.0
325815,325815,0,0.0
749261,749261,0,0.0
431827,431827,0,0.0
631322,631322,0,0.0
482568,482568,0,0.0
173135,173135,0,0.0
741650,741650,0,0.0
23288,23288,0,0.0
318457,318457,0,0.0
730070,730070,0,0.0
621383,621383,0,0.0
235500,235500,0,0.0
546824,546824,0,0.0
538028,538028,0,0.0
555851,555851,0,0.0
407776,407776,0,0.0
181875,181875,0,0.0
461025,461025,0,0.0
477190,477190,0,0.0
318457,318457,0,0.0
196250,196250,0,0.0
590313,590313,0,0.0
538028,538028,0,0.0
528058,528058,0,0.0
599686,599686,0,0.0
240000,240000,0,0.0
568648,568648,0,0.0
514305,514305,0,0.0
441591,441591,0,0.0
485659,485659,0,0.0
218538,218538,0,0.0
538028,538028,0,0.0
589327,589327,0,0.0
235500,235500,0,0.0
643152,643152,0,0.0
326149,326149,0,0.0
544735,544735,0,0.0
501303,501303,0,0.0
583441,583441,0,0.0
499221,499221,0,0.0
551841,551841,0,0.0
460492,460492,0,0.0
576944,576944,0,0.0
185831,185831,0,0.0
425963,425963,0,0.0
544735,544735,0,0.0
586565,586565,0,0.0
745808,745808,0,0.0
480633,480633,0,0.0
390185,390185,0,0.0
488796,488796,0,0.0
465178,465178,0,0.0
129036,129036,0,0.0
295265,295265,0,0.0
606239,606239,0,0.0
157000,157000,0,0.0
454761,454761,0,0.0
569509,569509,0,0.0
197966,197966,0,0.0
503046,503046,0,0.0
753945,753945,0,0.0
512934,512934,0,0.0
513354,513354,0,0.0
295627,295627,0,0.0
132000,132000,0,0.0
291889,291889,0,0.0
100002,100002,0,0.0
467521,467521,0,0.0
103421,103421,0,0.0
768325,768325,0,0.0
79065,79065,0,0.0
200625,200625,0,0.0
295216,295216,0,0.0
749493,749493,0,0.0
749693,749693,0,0.0
291369,291369,0,0.0
193750,193750,0,0.0
798459,798459,0,0.0
132000,132000,0,0.0
429174,429174,0,0.0
301188,301188,0,0.0
194375,194375,0,0.0
396106,396106,0,0.0
233858,233858,0,0.0
64876,64876,0,0.0
745151,745151,0,0.0
334535,334535,0,0.0
240000,240000,0,0.0
586112,586112,0,0.0
295467,295467,0,0.0
412139,412139,0,0.0
291369,291369,0,0.0
287625,287625,0,0.0
301188,301188,0,0.0
232500,232500,0,0.0
396106,396106,0,0.0
435000,435000,0,0.0
345281,345281,0,0.0
224798,224798,0,0.0
586112,586112,0,0.0
313136,313136,0,0.0
292410,292410,0,0.0
370822,370822,0,0.0
224965,224965,0,0.0
225000,225000,0,0.0
301188,301188,0,0.0
287625,287625,0,0.0
181450,181450,0,0.0
298020,298020,0,0.0
435000,435000,0,0.0
309175,309175,0,0.0
345660,345660,0,0.0
671542,671542,0,0.0
636016,636016,0,0.0
299035,299035,0,0.0
228000,228000,0,0.0
313323,313323,0,0.0
301188,301188,0,0.0
198750,198750,0,0.0
34356,34356,0,0.0
287625,287625,0,0.0
199000,199000,0,0.0
417800,417800,0,0.0
214457,214457,0,0.0
397840,397840,0,0.0
309175,309175,0,0.0
595674,595674,0,0.0
337307,337307,0,0.0
1,1,0,0.0
190530,190530,0,0.0
638976,638976,0,0.0
657458,657458,0,0.0
225060,225060,0,0.0
253625,253625,0,0.0
313504,313504,0,0.0
454800,454800,0,0.0
103421,103421,0,0.0
182173,182173,0,0.0
238500,238500,0,0.0
305863,305863,0,0.0
358009,358009,0,0.0
158775,158775,0,0.0
206901,206901,0,0.0
298875,298875,0,0.0
309175,309175,0,0.0
202928,202928,0,0.0
608149,608149,0,0.0
647597,647597,0,0.0
313680,313680,0,0.0
280000,280000,0,0.0
184682,184682,0,0.0
277200,277200,0,0.0
223495,223495,0,0.0
356400,356400,0,0.0
450549,450549,0,0.0
450549,450549,0,0.0
450549,450549,0,0.0
464548,464548,0,0.0
384846,384846,0,0.0
373300,373300,0,0.0
384846,384846,0,0.0
384846,384846,0,0.0
375710,375710,0,0.0
192543,192543,0,0.0
612133,612133,0,0.0
759465,759465,0,0.0
237920,237920,0,0.0
800171,800171,0,0.0
618197,618197,0,0.0
402500,402500,0,0.0
125108,125108,0,0.0
384780,384780,0,0.0
323970,323970,0,0.0
645188,645188,0,0.0
85419,85419,0,0.0
499763,499763,0,0.0
402500,402500,0,0.0
118979,118979,0,0.0
323970,323970,0,0.0
72341,72341,0,0.0
121408,121408,0,0.0
371250,371250,0,0.0
759465,759465,0,0.0
402500,402500,0,0.0
362250,362250,0,0.0
360163,360163,0,0.0
759465,759465,0,0.0
330582,330582,0,0.0
66737,66737,0,0.0
251113,251113,0,0.0
121408,121408,0,0.0
235769,235769,0,0.0
576664,576664,0,0.0
192352,192352,0,0.0
402500,402500,0,0.0
100000,100000,0,0.0
330582,330582,0,0.0
195613,195613,0,0.0
622615,622615,0,0.0
164631,164631,0,0.0
390300,390300,0,0.0
401042,401042,0,0.0
655532,655532,0,0.0
371250,371250,0,0.0
195825,195825,0,0.0
342124,342124,0,0.0
615180,615180,0,0.0
299693,299693,0,0.0
841361,841361,0,0.0
400000,400000,0,0.0
371250,371250,0,0.0
198323,198323,0,0.0
640842,640842,0,0.0
400000,400000,0,0.0
371250,371250,0,0.0
617907,617907,0,0.0
245069,245069,0,0.0
185019,185019,0,0.0
186250,186250,0,0.0
195444,195444,0,0.0
238713,238713,0,0.0
223500,223500,0,0.0
225000,225000,0,0.0
649794,649794,0,0.0
513683,513683,0,0.0
523302,523302,0,0.0
184837,184837,0,0.0
196188,196188,0,0.0
349391,349391,0,0.0
507738,507738,0,0.0
224595,224595,0,0.0
332114,332114,0,0.0
214902,214902,0,0.0
516327,516327,0,0.0
342991,342991,0,0.0
43428,43428,0,0.0
255860,255860,0,0.0
459143,459143,0,0.0
532296,532296,0,0.0
219000,219000,0,0.0
349093,349093,0,0.0
182500,182500,0,0.0
516407,516407,0,0.0
526973,526973,0,0.0
356423,356423,0,0.0
207625,207625,0,0.0
459143,459143,0,0.0
501533,501533,0,0.0
177100,177100,0,0.0
491104,491104,0,0.0
459143,459143,0,0.0
459143,459143,0,0.0
453153,453153,0,0.0
452516,452516,0,0.0
327536,327536,0,0.0
429486,429486,0,0.0
451900,451900,0,0.0
327652,327652,0,0.0
227254,227254,0,0.0
437221,437221,0,0.0
202504,202504,0,0.0
327765,327765,0,0.0
407175,407175,0,0.0
386817,386817,0,0.0
214829,214829,0,0.0
399032,399032,0,0.0
183423,183423,0,0.0
407175,407175,0,0.0
407175,407175,0,0.0
454924,454924,0,0.0
485868,485868,0,0.0
57731,57731,0,0.0
478163,478163,0,0.0
490282,490282,0,0.0
446903,446903,0,0.0
224738,224738,0,0.0
200184,200184,0,0.0
331432,331432,0,0.0
224516,224516,0,0.0
331432,331432,0,0.0
672282,672282,0,0.0
